basin_id,index
01011000,0
01013500,1
01015800,2
01017000,3
01017060,4
01017290,5
01017550,6
01017960,7
01018000,8
01018009,9
01019000,10
01021200,11
01021470,12
01021480,13
01021500,14
01022260,15
01022330,16
01022500,17
01027200,18
01029200,19
01029500,20
01030500,21
01031300,22
01031450,23
01031500,24
01031510,25
01033000,26
01034000,27
01034500,28
01037380,29
01038000,30
01042500,31
01043500,32
01044550,33
01046000,34
01046500,35
01047000,36
01047150,37
01047200,38
01048000,39
01048220,40
01049000,41
01049265,42
01049500,43
01052500,44
01053500,45
01053600,46
01054000,47
01054200,48
01054300,49
01054500,50
01055000,51
01055500,52
01057000,53
01059000,54
01059800,55
01060000,56
01064118,57
01064500,58
01064801,59
01065500,60
01066000,61
01067950,62
01068910,63
01069500,64
01069700,65
01072800,66
01073000,67
01073319,68
01073500,69
010735562,70
01073587,71
01073785,72
01074520,73
01075000,74
01076000,75
01076500,76
01077400,77
01078000,78
01081000,79
01081500,80
01082000,81
01084000,82
01085000,83
01085500,84
01086000,85
01089100,86
01089500,87
01091000,88
01091500,89
01092000,90
01093800,91
01093852,92
01094000,93
01094400,94
01094500,95
01095220,96
01095375,97
01096000,98
01096500,99
010965852,100
01097000,101
01097300,102
01097480,103
01098530,104
01099500,105
01100000,106
01100505,107
01100561,108
01100600,109
01100627,110
01101000,111
01101500,112
01102000,113
01102345,114
01102500,115
01103025,116
01103280,117
01103455,118
01103500,119
01104200,120
01104430,121
01104460,122
01104475,123
01104500,124
01105000,125
01105500,126
01105554,127
011055566,128
01105583,129
01105585,130
01105600,131
01105638,132
01105730,133
01105870,134
01105880,135
01105917,136
01105933,137
01106500,138
01108000,139
01108320,140
01108410,141
01109000,142
01109060,143
01109070,144
01109090,145
01109220,146
01109403,147
01109730,148
01110000,149
01111212,150
01111225,151
01111300,152
01111500,153
01112500,154
01113695,155
01113895,156
01114000,157
01114500,158
01115098,159
01115187,160
01115630,161
01115670,162
01115770,163
01116000,164
01116500,165
01116905,166
01117000,167
01117350,168
01117370,169
01117468,170
01117500,171
01117800,172
01118000,173
01118300,174
01118500,175
01119500,176
01121000,177
01122000,178
01122500,179
01123000,180
011230695,181
01123360,182
01123600,183
01124000,184
01124151,185
01125000,186
01125100,187
01125500,188
01127000,189
01127500,190
01129200,191
01130000,192
01133000,193
01134500,194
01135150,195
01135300,196
01135500,197
01137500,198
01139000,199
01139800,200
01141800,201
01142500,202
01144000,203
01150900,204
01151500,205
01152500,206
01153000,207
01153550,208
01154000,209
01154500,210
01155500,211
01157000,212
01158000,213
01160000,214
01160350,215
01161000,216
01162000,217
01162500,218
01163200,219
01166500,220
01168151,221
01168500,222
01169000,223
01169900,224
01170000,225
01170100,226
01170500,227
01170930,228
01171300,229
01171500,230
01172500,231
01173000,232
01173500,233
01174500,234
01174565,235
01174900,236
01175500,237
01175670,238
01176000,239
01176780,240
01177000,241
01179500,242
01181000,243
01183500,244
01184000,245
01184100,246
01184490,247
01185500,248
01186000,249
01186500,250
01187300,251
01187800,252
01188000,253
01188090,254
01189000,255
01189995,256
01191000,257
01192500,258
01192883,259
01193500,260
01194000,261
01194500,262
01195100,263
01195490,264
01196500,265
01196561,266
01196620,267
01197000,268
01197500,269
01198000,270
01198125,271
01199000,272
01199050,273
01200000,274
01200500,275
01201487,276
01202501,277
012035055,278
01203600,279
01203805,280
01204000,281
01205500,282
01205600,283
01205700,284
01206900,285
01208500,286
01208873,287
01208925,288
01208950,289
01208990,290
012095493,291
01209700,292
01209761,293
01209901,294
01301500,295
01302020,296
01312000,297
01315000,298
01315500,299
01318500,300
01321000,301
01325000,302
01327750,303
01329490,304
01329500,305
01330000,306
01330500,307
01331500,308
01332500,309
01333000,310
01334000,311
01334500,312
01335754,313
01336000,314
01343060,315
01346000,316
01347000,317
01348000,318
01349000,319
01349150,320
01349700,321
01349705,322
01349711,323
01349810,324
01349840,325
01349950,326
01350000,327
01350035,328
01350080,329
01350101,330
01350120,331
01350140,332
01350180,333
01350355,334
01351500,335
01356190,336
01357500,337
01358000,338
01359750,339
01360640,340
013621955,341
01362200,342
0136230002,343
01362370,344
01362500,345
01363382,346
01364500,347
01365000,348
01367500,349
01367800,350
01371500,351
01372500,352
0137449480,353
01374505,354
01374531,355
01374559,356
01374581,357
01374598,358
0137462010,359
01374654,360
01374701,361
01374781,362
01374821,363
01374890,364
01374901,365
01374918,366
01374930,367
01374941,368
01374987,369
0137499350,370
01375000,371
01376800,372
01377000,373
01377370,374
01377500,375
01378500,376
01379773,377
01379780,378
01379790,379
01380500,380
01381000,381
01381400,382
01381500,383
01382170,384
01382500,385
01383500,386
01384000,387
01384500,388
01386000,389
01387400,390
01387420,391
01387500,392
01388000,393
01388500,394
01389500,395
01389890,396
01390450,397
01390500,398
01391500,399
01396091,400
01396190,401
01396500,402
01397000,403
01398500,404
01399500,405
01399510,406
01400000,407
01403500,408
01405500,409
01406050,410
01407290,411
01409000,412
01409280,413
01409810,414
01411300,415
01413088,416
01413398,417
01413408,418
01413500,419
01414000,420
01414500,421
01415000,422
01415460,423
01417000,424
01417500,425
01419500,426
01420500,427
01420980,428
01421000,429
01421610,430
01421618,431
01421900,432
01422389,433
01422500,434
01422738,435
01422747,436
01423000,437
0142400103,438
01425000,439
01426500,440
01427207,441
01427500,442
01427510,443
01428000,444
01428500,445
01429500,446
01430000,447
01431500,448
01432110,449
01432900,450
01433500,451
01434000,452
0143400680,453
01434017,454
01434021,455
01434025,456
01434498,457
01435000,458
01436000,459
01436690,460
01437500,461
01438500,462
01439500,463
01439800,464
01440000,465
01440200,466
01440400,467
01440485,468
01441495,469
01442500,470
01443280,471
01443500,472
01443900,473
01445000,474
01445500,475
01446000,476
01446500,477
01446775,478
01446776,479
01447500,480
01447680,481
01447720,482
01447800,483
01448500,484
01449000,485
01449360,486
01449800,487
01450500,488
01451000,489
01451500,490
01451650,491
01451800,492
01452000,493
01452500,494
01453000,495
01454700,496
01455500,497
01457000,498
01457500,499
01460880,500
01461300,501
01463500,502
01465880,503
01466500,504
01466900,505
01467471,506
01467492,507
01468500,508
01469500,509
01469700,510
01470500,511
01470756,512
01470779,513
01470853,514
01470960,515
01471000,516
01471510,517
01471875,518
01471980,519
01472000,520
01472198,521
01472199,522
01473500,523
01475000,524
01475850,525
01476480,526
01477000,527
01477800,528
01478000,529
01478120,530
01478245,531
01478650,532
01479000,533
01479820,534
01480000,535
01480015,536
01480300,537
01480400,538
01480500,539
01480617,540
01480638,541
01480675,542
01480685,543
01480700,544
01480870,545
01481000,546
01483155,547
01483200,548
01483700,549
01484000,550
01484085,551
01484100,552
01484525,553
01484800,554
01485000,555
01485500,556
01486000,557
01486500,558
01487000,559
01488500,560
01490000,561
01491000,562
01491500,563
01492500,564
01493000,565
01493500,566
01494150,567
01496200,568
01500000,569
01500500,570
01502000,571
01502500,572
01503000,573
01505000,574
01507000,575
01509000,576
01510000,577
01512500,578
01513831,579
01514000,580
01515000,581
01516350,582
01516500,583
01518000,584
01518700,585
01518862,586
01520000,587
01520500,588
01521500,589
01523500,590
01524500,591
01525500,592
01525981,593
01526500,594
01527500,595
01528000,596
01529500,597
01529950,598
01530500,599
01531000,600
01531500,601
01532000,602
01533400,603
01534000,604
01534300,605
01534500,606
01534860,607
01536000,608
01536500,609
01537000,610
01538000,611
01539000,612
01540500,613
01541000,614
01541200,615
01541303,616
01541500,617
01542500,618
01542810,619
01543000,620
01543500,621
01544000,622
01544500,623
01545000,624
01545500,625
01545600,626
01546400,627
01546500,628
01547100,629
01547200,630
01547500,631
01547700,632
01547950,633
01548005,634
01548500,635
01549500,636
01549700,637
01550000,638
01551500,639
01552000,640
01552500,641
01553500,642
01553700,643
01554000,644
01555000,645
01555500,646
01556000,647
01557500,648
01558000,649
01558098,650
01559000,651
01560000,652
01562000,653
01563200,654
01563500,655
01564500,656
01565000,657
01566000,658
01567000,659
01567500,660
01568000,661
01568500,662
01569800,663
01570000,664
01571184,665
01571500,666
01572025,667
01572190,668
01572950,669
01573000,670
01573482,671
01573560,672
01573825,673
01573849,674
01580000,675
01581700,676
01581752,677
01581757,678
01581810,679
01581830,680
01581870,681
01581920,682
01581960,683
01582000,684
01583000,685
01583500,686
01583580,687
01585500,688
01586610,689
01589000,690
01589100,691
01589197,692
01589290,693
01589300,694
01589305,695
01589312,696
01589317,697
01589330,698
01589352,699
01589440,700
01591400,701
01594526,702
01594930,703
01594936,704
01594950,705
01595000,706
01595300,707
01595500,708
01595800,709
01596500,710
01597000,711
01597500,712
01598500,713
01599000,714
01600000,715
01601000,716
01601500,717
01603000,718
01604500,719
01605500,720
01606000,721
01606500,722
01607500,723
01608000,724
01608500,725
01609000,726
01610000,727
01610155,728
01611500,729
01613000,730
01613050,731
01613095,732
01613525,733
01613900,734
01614000,735
01614500,736
01614830,737
01615000,738
01616000,739
01616100,740
01616500,741
01617000,742
01617800,743
01618000,744
01619000,745
01619500,746
01620500,747
01621050,748
01622000,749
01624800,750
01625000,751
01626000,752
01626850,753
01627500,754
01628500,755
01629500,756
01630700,757
01631000,758
01632000,759
01632082,760
01632900,761
01633000,762
01634000,763
01634500,764
01635090,765
01635500,766
01636242,767
0163626650,768
01636316,769
01636500,770
01636690,771
01637500,772
01638350,773
01638420,774
01638480,775
01638500,776
01639000,777
01639500,778
01641000,779
01641500,780
01642190,781
01642438,782
01643000,783
01643395,784
01643500,785
01643590,786
01643700,787
01643805,788
01643880,789
01644000,790
01644280,791
01644371,792
01644375,793
01644380,794
01644600,795
01645000,796
01645704,797
01645762,798
01646000,799
01646305,800
01646500,801
01647850,802
01648000,803
01649150,804
01649190,805
01649500,806
01650500,807
01650800,808
01651000,809
01651800,810
01652500,811
01653000,812
01653600,813
01654000,814
01656000,815
01656903,816
01658000,817
01658500,818
01659000,819
01659500,820
01660000,821
01660400,822
01660920,823
01661050,824
01661500,825
01662800,826
01663500,827
01664000,828
01665000,829
01665500,830
01666500,831
01667500,832
01668000,833
01668500,834
01669000,835
01669520,836
01670400,837
01671020,838
01671025,839
01671100,840
01672500,841
01673000,842
01673550,843
01673638,844
01673800,845
01674000,846
01674500,847
02011400,848
02011460,849
02011470,850
02011490,851
02011500,852
02011800,853
02013000,854
02013100,855
02014000,856
02015700,857
02016000,858
02016500,859
02017500,860
02018000,861
02018500,862
02019500,863
02020500,864
02021500,865
02022500,866
02024000,867
02024752,868
02024915,869
02025500,870
02026000,871
02027000,872
02027500,873
02027800,874
02028500,875
02029000,876
02030000,877
02030500,878
02031000,879
02032250,880
02032640,881
02032680,882
02034000,883
02035000,884
02036500,885
02037500,886
02038000,887
02038850,888
02039000,889
02039500,890
02040000,891
02041000,892
02041650,893
02042500,894
02043500,895
0204382800,896
02044500,897
02045500,898
02046000,899
02047000,900
02047500,901
02049500,902
02051000,903
02051500,904
02052000,905
02052500,906
02053200,907
02053800,908
02054500,909
02054530,910
02055000,911
02055100,912
02056000,913
02056650,914
02056900,915
02058400,916
02059485,917
02059500,918
02060500,919
02061000,920
02061500,921
02062500,922
02064000,923
02065500,924
02066000,925
02068500,926
02069000,927
02069700,928
02070000,929
02070500,930
02071530,931
02074500,932
02075000,933
02075045,934
02075500,935
02076500,936
02077000,937
02077200,938
02079640,939
0208111310,940
02081500,941
02082770,942
02082950,943
02084160,944
02084557,945
02085220,946
0208650112,947
02088470,948
02091000,949
02091700,950
02091814,951
02092000,952
02092500,953
02093000,954
0209553650,955
02096846,956
0209722970,957
02097280,958
02098198,959
02102908,960
02104220,961
02105500,962
02105900,963
02108000,964
02110500,965
02111000,966
02111180,967
0211139110,968
02111500,969
02112000,970
02112120,971
02112250,972
02112360,973
02118500,974
02123567,975
02125000,976
02128000,977
02135300,978
02137727,979
02138500,980
0213903612,981
02140991,982
02142000,983
0214253361,984
02143000,985
02143040,986
0214657975,987
02147500,988
02149000,989
02150495,990
02152100,991
02152285,992
02152474,993
02153200,994
021536097,995
02157470,996
02157490,997
02160000,998
02162350,999
