basin,流域面积,平均高程,高程标准差,平均坡度,森林比例,城镇化比例,水体比例,人口密度,路网密度,坝密度,库容径流比,水文扰动指数,河网密度,最大河流级别,地下水位埋深,年均降水,潜在蒸散,融雪比例
01017000,4278.907,271.7542,73.76505,4.800027,73.88419,0.541904781,1.917532,0.8270915,0.488420991622393,0.0934818167349746,23.865220721086,5,0.628991702787651,5,121.4279843,2.85363161136461,2.82260784686987,0.258479306730389
01017290,594.576,221.6957,36.70442,3.751044,63.30801,3.1569383,1.224116,3.693559,0.923869782836845,0.504561233551304,0.414749333979172,11,0.643271003202282,4,76.40628343,2.7322722715824,2.70448795765651,0.265013760635392
01017960,226.2537,186.9387,54.53045,4.97716,64.83991,5.01087904,3.066513,7.59191,1.03500066298343,0.883963444575713,13.7875756285975,7,0.714836044670209,4,109.6981017,2.90120013676462,2.98400929001643,0.215671645160778
01018000,450.4734,177.0417,44.05314,3.622306,62.30246,4.2773,1.689423,7.106143,0.964043159929088,0.443977380240431,6.92491498943112,14,0.674646716099108,4,91.25204312,2.92955428788709,2.97867136265742,0.216643405619241
01018009,19.5192,170.2702,24.58375,3.042455,51.060501,6.2891916,0.0,38.80243,1.57692220992664,0.0,0.0,8,0.655015062092709,2,96.0,2.62972112368437,3.02627321895722,0.217381867662689
01021200,242.8407,70.60058,29.91903,2.882755,60.48998,1.71457169,12.31556,2.506729,0.749492980377671,2.0589629333139,79.7406077317353,13,0.682338668929879,3,123.0,3.40516012861228,3.23212923587029,0.151458630353323
01027200,582.0489,476.4225,57.67964,5.538575,71.25638,0.334456464,0.8776582,0.0,0.37885851730951,0.515420611567172,15.8751300792768,5,0.412733534931515,3,144.3528312,3.09431494506297,2.83794256001704,0.256517067532373
01029200,444.9492,246.3435,37.88557,3.92405,67.588814,0.302191817,5.350251,0.0,0.331561299022362,0.224744757379045,2.41085948688075,6,0.519269840242437,4,118.5173752,3.03867375932347,2.95826895266777,0.239190017890907
01029500,2816.295,305.8952,144.9714,6.479412,75.36623,0.332127857,5.287361,0.06460913,0.405859116321266,0.142030575632169,62.7446325757778,9,0.529840801478538,5,152.9547619,3.12712257753848,2.98778454784936,0.235352504887851
01030500,3676.172,171.8164,53.85714,3.206527,70.50905,1.751833121,2.659038,1.869139,0.614652687632679,0.0544044185092536,7.69985218319491,5,0.578390782585799,5,103.8191342,3.18206303960577,3.02623862839934,0.218341538508019
01031300,304.3764,377.9796,65.00449,7.007951,73.1221,0.86606588,2.126577,0.6753657,0.507012944345884,0.0,0.0,2,0.695336103587532,4,194.8890345,3.17245574210622,3.03835085477885,0.207459321129514
01031450,239.0922,293.9258,90.70191,6.421163,81.35272,1.458641896,2.750905,1.029741,0.707278012463926,0.418248692345463,13.8620331403534,6,0.776207672186713,4,201.0,3.28392789803492,3.02610411267263,0.192730288454823
01031500,769.0482,299.3886,105.7172,6.487379,77.07402,2.13388452,2.14114,4.40188,0.774446127043793,0.91021603067272,7.21957219326435,11,0.738842376849722,5,192.1904773,3.23312715373851,3.02937955222973,0.195401228414446
01031510,70.1046,156.2321,28.21173,3.390348,68.47639,4.571597792,2.149074,9.494916,1.01334878744651,1.42643991977702,27.2614065268185,5,0.883447163238931,3,102.0,3.10769795765651,3.07173698363449,0.180144116662976
01037380,39.0231,101.2286,31.7456,4.199949,75.511426,3.422588729,3.708573,17.87876,1.25622270630446,2.56258472545749,0.473950044973362,7,0.96179801194677,3,295.0,3.64475925892802,3.17210762304556,0.15140508149866
01044550,499.7628,539.9766,149.3738,11.51403,61.98468,0.091483401,2.644735,0.0,0.566642415161753,0.400189850064871,20.8525244375932,9,0.405648639714681,4,220.5032521,3.00834513354018,2.99713718135913,0.23329385984609
01046000,243.1584,382.8266,75.27013,6.368798,74.85232,1.104835327,1.817704,1.647915,0.695511238764526,0.0,0.0,4,0.495948320107387,3,187.0,3.33127853002373,3.02821432286913,0.216673503881954
01047150,8433.685,424.6718,159.0051,8.550147,67.8179,1.19039428,7.209788,1.740649,0.703748892833386,0.403145244338625,305.503899422376,15,0.449622080976465,6,186.9516186,3.14201391373122,3.01029267129038,0.230318922448264
01048220,49.3893,271.9217,66.75471,7.285106,82.89264,2.62040536,1.383093,2.011754,0.958836606600526,2.0247300528657,1.74754450862839,5,0.785441785973885,3,186.0,3.13966325004562,3.01844180811584,0.175446317541006
01052500,383.8234,641.1341,125.2152,15.41286,90.80511,0.350312787,0.2776241,0.1674756,0.64971260220195,0.0,0.0,4,0.408058497736198,4,298.9393594,3.2803549229178,2.84615431818458,0.244656847194243
01054300,337.7295,439.924,186.7339,13.95147,84.37116,1.65061136,1.498714,2.220679,0.644808049045168,0.0,0.0,4,0.462691295844752,3,266.8229343,3.12422223836466,3.07557257102878,0.203001828268939
01055000,250.641,564.996,170.2315,16.1182,86.27384,1.8032964,0.11311,0.7529094,0.424838713538487,0.0,0.0,3,0.377439963932477,3,299.5950713,3.21579879083775,3.06110638498509,0.250658342331755
01059000,8444.24,425.2572,232.3061,11.79732,79.42453,3.4767459,4.348554,15.59847,0.949350326376323,1.13686962947524,161.831761058426,19,0.397312605989408,5,253.2966653,3.25268866398978,3.0320100908925,0.208855588469374
01060000,364.8285,72.27866,30.35409,3.650523,65.990403,9.3315902,0.8459043,46.8609,1.79097877495864,1.37050696423114,4.95121680460819,11,0.747323742525598,4,170.0006096,3.17057161787431,2.91285996532214,0.113078416722032
01064801,173.4003,409.5345,224.2931,14.04475,89.75435,1.63131189,0.3877156,4.413771,0.793065743944637,0.0,0.0,4,1.02050919173727,4,283.0,3.23876861160796,3.1528201587881,0.168653961985325
01067950,71.5041,68.41255,23.67088,2.430429,67.498652,6.73010314,1.287619,36.6376,1.70836217783316,0.0,0.0,9,1.00576008928159,4,95.0,3.38360087461216,3.22623528016061,0.0798281381341497
01068910,117.3636,169.6585,43.70898,4.522861,64.89372,11.8025508,6.99365,119.6068,2.52928505942217,5.11231761806898,425.989693567682,22,0.969515250043455,4,289.0,3.42116580191033,3.45500575530815,0.0975005695003832
01069500,264.5136,134.7131,50.81887,4.263148,65.40605,9.7970765,4.546042,74.12267,2.1455157693215,3.78052395037533,224.175376993848,23,0.988698501702748,5,250.371716,3.45922646492669,3.38540444119973,0.116707994440839
01069700,27.9072,58.43766,13.81812,1.79633,59.936141,15.512125,0.03869969,53.42818,1.54928405572755,0.0,0.0,8,0.844462719298246,2,110.0,3.3573696759141,2.93071517308512,0.0646601100918551
01072800,243.9549,164.9373,67.89577,4.917732,67.1727,13.1099648,1.667521,99.07061,2.07911170321787,6.55858931302466,49.8699185792128,19,0.691587666408832,4,304.0,3.34823854766685,3.37707258319645,0.118622485743953
01073000,31.2984,57.96854,19.47799,2.974744,66.49413,11.5223149,1.285369,74.0339,2.13000057510927,0.0,0.0,10,0.99507546711653,3,290.6773088,3.15262042897123,3.49591377380301,0.0871737543509013
01073319,144.3951,146.0246,48.86374,5.625684,77.05546,6.22666612,0.688112,40.06552,1.20743975069252,1.38508855217386,2.36532264599006,10,0.961860894171617,4,386.6903015,3.17232081438219,3.46145244265985,0.10112834474538
01073500,471.1374,107.4204,53.41658,4.762227,73.00712,8.9591707,1.838445,51.79366,1.73651826409875,2.54702768237037,48.0441883832614,19,0.946912938773275,5,264.8697127,3.18812040244571,3.48598552655594,0.0945903130184391
010735562,42.7194,98.07839,26.30617,4.264561,60.10196,10.9762779,1.451565,102.1843,2.4861351048938,2.34085684724036,1.096785067206,14,0.603401967256094,2,96.0,3.14579264068869,3.48581607957657,0.0987491408103729
01073587,163.053,81.98205,31.7023,3.523996,62.784678,10.09273003,0.9201303,92.57362,2.19643054277829,3.06648758379177,3.25920406248275,13,0.638401010714308,3,96.0,3.15156315665875,3.50627559773681,0.0957258846492443
01073785,36.9495,21.83671,8.053295,1.731655,37.42297,25.9651736,0.07794422,115.5037,2.41680297699594,2.70639656828915,3.27024722932651,14,0.804337541779997,2,209.5704393,3.27180472075196,2.86356369775506,0.0570822595684332
01074520,297.1881,799.5973,223.0825,26.95913,97.97553,0.61900198,0.04179171,0.5772071,0.205220094888792,0.672974456245051,0.161806613387279,4,0.410567583291525,3,427.3618903,3.85986916742715,3.10383502463953,0.240470728526652
01075000,504.288,720.0564,254.2765,24.98763,95.02052,2.75092819,0.1340306,3.873346,0.409378371089536,0.793197537914842,0.193157481439178,8,0.476750190367409,4,418.2119324,3.76665706108171,3.08572589760905,0.230881800829796
01076000,369.8154,460.1884,197.2298,14.93662,91.89669,2.323889243,0.5122826,6.121867,0.855537384327424,2.16324144424489,4.24763814595066,14,0.791317505977306,5,304.9367355,3.07128310287766,3.13544964561659,0.191483137477707
01076500,1608.937,541.1938,255.0765,19.36739,92.25114,3.18195152,0.3748934,8.696592,0.791308174279043,1.18090391357772,6.89173597225995,13,0.681535075643111,6,357.9234414,3.42496699209102,3.13274837117479,0.203765620064771
01077400,56.1951,427.2717,116.7505,16.70285,93.71547,0.5845705,0.329922,3.792309,0.545177426501599,1.77951458401177,2.52326270439949,4,0.673694503613304,3,354.0,3.19560614643791,3.24693322990813,0.163806969897718
01078000,222.4566,359.6213,108.0732,11.38543,87.18635,2.8457687,0.5809672,10.42587,1.40799194089993,1.34857765514712,4.46737925509965,11,0.932023594714654,4,321.0,3.12658624408347,3.26676962821683,0.162336083033108
01081500,3908.064,373.1783,232.8792,13.2584,80.1369,4.904666,7.840994,25.89286,1.36538680021617,2.07263750030706,112.203055528262,19,0.68917627756352,6,307.5276562,3.23644161045203,3.18700315355601,0.171697779986104
01082000,175.023,354.3038,66.37852,6.412545,75.34427,7.70555845,3.017432,41.59132,1.99354999057267,5.14218131331311,19.8029001902607,11,0.573480628260286,4,410.0,3.25951894469794,3.42090147228813,0.146445507146421
01085000,950.0697,345.021,93.19645,8.067144,78.46126,6.14759105,3.212291,29.67324,1.70030261990252,4.73649459613331,39.4089802042945,21,0.984674177063009,6,394.3558437,3.32844221579364,3.37520227784876,0.14540978046684
01085500,1099.139,326.9139,101.6087,8.150191,78.03779,6.34726581,3.111771,29.94791,1.69366749792337,4.36705457635477,43.7407243305897,27,0.968209662290211,6,379.9106563,3.3206357430188,3.37125828040397,0.14544119452781
01086000,381.5766,286.6987,105.6859,10.63811,82.45482,6.04659685,2.013803,19.50818,1.68173415246113,2.09656462162512,10.2723987791704,13,0.880997943794247,4,333.9011522,3.2696348218653,3.30925955137798,0.145276965581164
01089100,214.1253,203.4153,64.4597,5.765832,78.57403,6.6342467,1.105007,38.75301,1.80029234577126,3.73613020040135,5.15368805087489,13,0.774772061031555,4,261.0,2.93100978469307,3.35909274198455,0.123473672687749
01089500,400.7988,239.0171,68.38662,6.830968,78.64044,4.61161613,3.198962,27.20774,1.59774954416031,3.99202792024327,28.2778690954165,21,0.765623050767617,4,305.3762762,3.18683333649693,3.36955873486646,0.129222053669821
01091000,266.7591,231.0737,67.82731,7.441434,80.132523,6.03139689,1.126859,30.85658,1.98837228045829,1.12461018199567,3.3741679290416,12,0.865367292062389,4,362.9987034,3.29204206461033,3.40920821013567,0.123608225317449
01091500,519.1128,218.0366,71.20412,7.238387,79.253874,6.31648864,1.679635,40.20606,1.97939638552546,3.46745447232278,36.1696417426039,21,0.883732591452185,4,340.1955438,3.21281869440895,3.40626281864087,0.118906086552557
01092000,7987.65,307.3566,191.9115,10.33687,78.04753,6.8777077,5.090327,47.41314,1.63101412806019,2.95456110370384,68.7453861899307,23,0.779052286968007,7,317.0344133,3.2129349208493,3.27818625016731,0.152199140615836
01093852,263.7036,304.6195,84.30087,8.608509,80.136105,7.13642107,1.277798,41.96861,1.9812232369979,9.85955443915062,20.9565057132326,20,0.660354655757449,4,472.6449338,3.38066890722151,3.47089444503255,0.126285524996711
01094000,440.5014,236.4602,113.7972,7.298924,73.72151,11.8160121,0.950871,86.78198,2.31606074350728,6.58340699938752,12.7806131830682,24,0.756517913450445,4,424.5455431,3.33712492602057,3.47150194378536,0.119704800720027
01096000,173.1357,194.0644,79.45293,5.784873,76.903204,8.7507079,0.7994885,76.73673,2.02732769729178,5.77581631055871,23.002708280268,11,0.962276410930848,4,383.0,3.2692506920971,3.5238366246882,0.101357758649294
01096500,1125.681,190.1076,88.34946,5.293751,59.495249,18.60937,3.746131,166.9454,2.6867265237665,10.1272029997841,264.506349489776,26,0.844625697688777,5,362.7139245,3.37191199957413,3.6128925680477,0.0964184432062904
010965852,123.0804,105.5576,25.63399,3.763295,45.911694,36.518325,0.8123958,354.2782,3.80507944400571,7.31229342771067,7.56347070695253,19,0.775868537963803,3,208.0,3.11271240743445,3.51775838656689,0.100935822782493
01097000,299.3094,106.2754,34.62787,4.454576,47.462761,33.399987,2.014036,269.0859,3.45646678654262,13.0299950486019,42.1011167708064,28,0.800677158819603,4,252.9785598,3.36598822869137,3.72586825454767,0.0813480716073488
01097300,30.8718,70.17964,14.15841,2.91386,44.901178,31.6687,0.7725497,171.1422,2.79542333132503,3.23920211973387,1.99696810681593,13,0.543576662196568,3,96.0,3.1428627628521,3.66306336922796,0.0882999540629301
01098530,274.2327,88.07368,29.29882,3.700029,35.652751,45.019904,5.477793,519.8674,4.3318612258859,9.84565298011506,182.477527297073,31,0.740212600466684,4,157.6941204,3.34260788556306,3.760543389913,0.0769031781589609
01099500,1035.51,79.97079,33.9519,3.554096,40.701154,38.384458,3.075179,375.3906,3.95169723131597,8.78794024200636,66.5527797896689,32,0.769884115073732,5,153.4271269,3.27151776698911,3.72598666453733,0.0793077828110489
01100000,11983.35,248.8363,184.5647,8.445534,69.73458,13.4834957,4.388641,116.6025,2.15824122636825,4.57301172042876,80.9365797544093,27,0.790750249304243,7,298.7509339,3.2243464860376,3.36980603571211,0.134980821981951
01100505,42.8643,92.68385,24.61988,4.199907,60.562286,17.13733818,6.76717,189.6337,2.91591460569295,6.9988311951904,82.8437650912298,12,0.686741414183831,3,127.0,3.12793389523636,3.5492573523149,0.0955621909640509
01100561,158.2974,74.3998,26.37859,3.687954,47.960046,31.953649,4.189077,253.8077,3.56309033480733,6.94894546593943,59.0338628429778,19,0.767142732603315,4,127.0,3.12793389523636,3.5492573523149,0.0955621909640509
01101000,55.4778,35.30418,14.40882,3.117721,53.479765,17.8660645,1.823432,164.8035,2.78485448233347,5.40756843277852,17.1133318192142,15,0.619788275670629,2,72.0,3.20523556500578,3.07012228508852,0.0616846349599906
01103280,169.119,87.34114,21.69955,3.011769,39.107555,42.88382,0.4512799,392.3876,3.94236400189215,6.50429579172062,13.6846894790059,20,0.838258859146518,3,130.7158211,3.3674675236357,3.76088802701223,0.0771767607074997
01108000,677.6388,29.11311,15.47119,1.400248,33.7057,30.22663,5.858829,339.6914,3.20159500902251,9.7397020359519,107.926811451765,26,0.582779203315985,5,54.08514452,3.46868777593235,3.74069845835614,0.0647985358184245
01108410,122.022,44.08995,23.23895,1.168305,42.96135,30.649068,3.996902,330.5683,3.13109900016391,17.210011309436,27.2221566602744,13,0.746568241792464,4,49.60995918,3.41267821883556,3.79196291294031,0.0740079775756273
01109000,112.7429,54.25273,21.94588,1.585374,46.000841,30.669892,1.770307,228.9093,2.8909510044535,14.1915810219535,25.5255275498501,20,0.696714294203892,3,39.0,3.40288409046663,3.7943895236357,0.0694309908005873
01109060,220.1049,47.3297,23.82792,1.350261,41.538924,34.828116,2.150384,278.4945,3.2652966835359,13.1755358467712,39.6556687288652,24,0.74847175142398,4,39.0,3.39568843736692,3.79420107988076,0.0693088486975442
01109070,27.1674,34.20231,10.28427,1.560778,60.852716,14.728682,0.1192606,99.12704,1.80786678151019,7.36176446770762,0.408467501490757,11,0.949309098404706,2,48.1668699,3.36293380756829,3.81088576382551,0.0669414817481388
01109403,137.592,47.11838,21.42988,1.660729,29.8266634,53.759151,3.090659,682.6846,5.37998284783999,13.808942380371,105.949175824176,23,0.922544915402058,3,77.0,3.40288409046663,3.7943895236357,0.0694309908005873
01109730,185.7519,211.1185,58.84755,5.622692,40.003195,48.284076,3.447825,834.7922,5.5943203230148,23.1491575590882,130.036193438667,31,0.69138889023477,3,341.9738874,3.42949277404636,3.63906625296587,0.0932014212707043
01110000,66.08279,148.3863,30.15851,4.575836,26.713707,60.291793,4.716107,780.5206,5.86734004420818,10.592773095688,11.0830974297544,18,0.656402824396488,2,388.9882849,3.37232797986251,3.68280638194318,0.0888292254130539
01111212,631.4301,163.0465,55.92075,5.062727,48.452585,32.609552,2.950873,445.1896,3.87044644695374,19.9547028245882,68.391722219134,28,0.737876290661468,5,335.6200778,3.39435621974812,3.69466253002372,0.0856751182219433
01111300,41.0625,161.7877,25.09713,3.586106,79.077267,6.8273972,0.2060274,59.37775,1.62494270928463,2.43531202435312,1.5013698630137,12,0.935305449010654,3,314.0,3.41095323246334,3.7220542799781,0.0823228767896942
01111500,237.2391,150.6163,33.2864,4.04364,69.939183,11.843748,2.596368,105.7526,2.22244857614112,11.3809232963706,110.832173111431,24,0.760526827154546,4,314.0,3.47023447301819,3.78287759627669,0.0762764714941065
01115630,21.7368,139.4145,22.05779,4.121547,73.033291,8.9267971,0.1407751,56.65746,1.87665961361546,0.0,0.0,9,0.521717548121159,2,289.0,3.51598543061386,3.92858576990934,0.0515671662358887
01115770,18.9081,100.9385,15.90024,3.137255,66.36204,14.151078,1.808749,13.23937,1.28983553675304,10.5774773774203,99.7715264886477,8,1.03131303515425,2,194.0,3.51598543061386,3.92858576990934,0.0515671662358887
01117370,50.4774,88.41483,27.44968,3.591315,69.372033,11.87818738,0.3102379,58.01847,1.77130487321712,3.96216920839821,1.09920479263987,10,0.915463157769616,3,204.0,3.36871625977977,3.79069255338566,0.0409652103602018
01117800,90.76591,120.6762,33.13906,4.616257,73.39342,6.0723247,0.8695997,25.77282,1.73624106231073,3.30520566587169,9.50907670071286,11,0.686468851576544,4,312.0,3.43890410853562,3.93412589280282,0.0534510699432835
01118300,10.3644,103.7697,24.69996,4.700582,76.15491995,4.5849254,0.0,22.19729,1.45350816255644,0.0,0.0,9,0.500159777700591,2,254.4366032,3.03294002317941,3.71321188781408,0.0422631410520998
01119500,314.8461,213.4345,56.44005,6.644009,71.499496,10.7329573,1.6085,103.9576,2.22101274241606,10.1636958501312,52.9000168653828,22,0.57434537064299,4,459.7365658,3.34824428101235,3.5940767506236,0.0901118711285926
01121000,70.25372,198.1236,46.32153,6.037301,75.081022,7.26445932,1.565362,43.26997,1.68666086294078,7.11706084745406,29.730838452398,12,0.612710757522876,2,417.0,3.35072891677313,3.62322808906735,0.092349586919708
01122500,1048.47,189.4093,57.69273,6.009691,69.324283,10.2550544,1.698761,95.71368,2.16093259702233,5.91337854206606,42.0325674554351,25,0.540671168464525,5,420.7371811,3.32053784218531,3.65126158751597,0.0759281181957242
01123000,77.85271,154.3268,35.72637,5.144693,67.858917,6.00441579,0.3606811,32.51738,1.96135240507363,2.56895360482634,6.62011637102935,9,0.409596917050158,2,406.0,3.3152388435846,3.85502985337957,0.0555663256822518
