basin,split,n_steps,start,end,short_test,flow_valid,flow_ratio,waterlevel_valid,waterlevel_ratio,union_valid,intersect_valid
01017000,train,82686,1989-10-01 06:00:00,2018-01-18 00:00:00,False,47078,0.569358778995235,30028,0.36315700360399583,58285,18821
01017000,valid,9551,2018-03-19 03:00:00,2021-06-24 21:00:00,False,6202,0.6493560883677102,9504,0.995079049314208,9518,6188
01017000,test,9552,2021-08-24 00:00:00,2024-11-29 21:00:00,False,6748,0.7064489112227805,9126,0.9554020100502513,9213,6661
01017290,train,29313,2008-06-01 06:00:00,2018-06-13 09:00:00,False,18805,0.641524238392522,28256,0.963940913587828,29249,17812
01017290,valid,8966,2018-08-12 12:00:00,2021-09-06 03:00:00,False,5603,0.6249163506580415,8966,1.0,8966,5603
01017290,test,8966,2021-11-05 06:00:00,2024-11-29 21:00:00,False,6001,0.669306268124024,8915,0.9943118447468213,8916,6000
01017960,train,41793,2003-10-01 06:00:00,2018-01-19 09:00:00,False,28416,0.6799224750556313,30079,0.719713827674491,37986,20509
01017960,valid,9555,2018-03-20 12:00:00,2021-06-26 18:00:00,False,6303,0.6596546310832025,9501,0.994348508634223,9503,6301
01017960,test,9556,2021-08-25 21:00:00,2024-12-02 06:00:00,False,7416,0.7760569275847635,9526,0.9968606111343659,9533,7409
01018000,train,25713,2003-10-01 06:00:00,2012-07-19 09:00:00,False,17024,0.6620775483218605,14025,0.5454439388636099,21600,9449
01018000,valid,4195,2012-09-17 12:00:00,2014-02-23 18:00:00,False,2614,0.6231227651966627,4195,1.0,4195,2614
01018000,test,4195,2014-04-24 21:00:00,2015-10-01 03:00:00,False,3219,0.767342073897497,4195,1.0,4195,3219
01018009,train,28938,2008-06-01 06:00:00,2018-04-27 12:00:00,False,15935,0.5506600317921073,28663,0.9904969244591886,28681,15917
01018009,valid,9164,2018-06-26 15:00:00,2021-08-15 00:00:00,False,5523,0.6026844172850284,9163,0.999890877346137,9164,5522
01018009,test,9164,2021-10-14 03:00:00,2024-12-02 12:00:00,False,6177,0.6740506329113924,9163,0.999890877346137,9163,6177
01021200,train,58450,1990-10-01 06:00:00,2010-10-02 09:00:00,True,39160,0.6699743370402053,8775,0.15012831479897348,40437,7498
01021200,valid,2438,2010-12-01 12:00:00,2011-10-02 06:00:00,True,2374,0.9737489745693191,2381,0.9766201804757998,2381,2374
01021200,test,2439,2011-12-01 09:00:00,2012-10-01 03:00:00,True,2119,0.8687986879868799,2424,0.993849938499385,2425,2118
01027200,train,47831,2001-09-06 06:00:00,2018-01-19 03:00:00,False,29543,0.6176538228345634,29944,0.6260375070560933,40395,19092
01027200,valid,9554,2018-03-20 06:00:00,2021-06-26 09:00:00,False,5908,0.6183797362361315,9538,0.9983253087711953,9539,5907
01027200,test,9555,2021-08-25 12:00:00,2024-12-01 18:00:00,False,6416,0.6714809000523286,9555,1.0,9555,6416
01029200,train,71347,1998-04-01 06:00:00,2022-08-31 15:00:00,True,44555,0.6244831597684556,10975,0.15382566891389968,48497,7033
01029200,valid,2814,2022-10-30 18:00:00,2023-10-17 09:00:00,True,1740,0.6183368869936035,2673,0.9498933901918977,2673,1740
01029200,test,2814,2023-12-16 12:00:00,2024-12-02 03:00:00,True,1986,0.7057569296375267,2776,0.9864960909737029,2776,1986
01029500,train,56384,1998-10-01 06:00:00,2018-01-17 06:00:00,False,38546,0.6836336549375709,30071,0.533325056753689,48496,20121
01029500,valid,9549,2018-03-18 09:00:00,2021-06-23 21:00:00,False,6366,0.6666666666666666,9549,1.0,9549,6366
01029500,test,9550,2021-08-23 00:00:00,2024-11-28 15:00:00,False,6955,0.7282722513089005,9524,0.9972774869109947,9525,6954
01030500,train,82698,1989-10-01 06:00:00,2018-01-19 12:00:00,False,55279,0.6684442187235483,29942,0.3620643788241554,63920,21301
01030500,valid,9556,2018-03-20 15:00:00,2021-06-27 00:00:00,False,6807,0.7123273336123901,9555,0.9998953537044789,9556,6806
01030500,test,9556,2021-08-26 03:00:00,2024-12-02 12:00:00,False,7461,0.7807660108832147,9514,0.9956048555881122,9516,7459
01031300,train,61872,1996-11-14 06:00:00,2018-01-17 06:00:00,False,42287,0.6834594000517197,27137,0.43859904318593224,51044,18380
01031300,valid,9550,2018-03-18 09:00:00,2021-06-24 00:00:00,False,6459,0.6763350785340314,9549,0.9998952879581152,9549,6459
01031300,test,9550,2021-08-23 03:00:00,2024-11-28 18:00:00,False,6997,0.7326701570680628,9528,0.9976963350785341,9529,6996
01031450,train,59858,1997-07-26 06:00:00,2018-01-19 12:00:00,False,40522,0.6769688262220589,29858,0.4988138594674062,50065,20315
01031450,valid,9556,2018-03-20 15:00:00,2021-06-27 00:00:00,False,6933,0.7255127668480535,9400,0.9836751778987024,9436,6897
01031450,test,9556,2021-08-26 03:00:00,2024-12-02 12:00:00,False,7022,0.7348262871494349,9476,0.991628296358309,9495,7003
01031500,train,88248,1987-11-05 06:00:00,2018-01-17 06:00:00,False,55539,0.6293513734022301,29959,0.33948644728492433,65061,20437
01031500,valid,9550,2018-03-18 09:00:00,2021-06-24 00:00:00,False,6502,0.6808376963350785,9534,0.998324607329843,9537,6499
01031500,test,9550,2021-08-23 03:00:00,2024-11-28 18:00:00,False,7480,0.7832460732984293,9550,1.0,9550,7480
01031510,train,28742,2008-07-01 06:00:00,2018-05-03 00:00:00,False,20701,0.7202351958805928,28594,0.9948507410757776,28673,20622
01031510,valid,9101,2018-07-02 03:00:00,2021-08-12 15:00:00,False,6652,0.7309086913525986,9099,0.9997802439292386,9099,6652
01031510,test,9101,2021-10-11 18:00:00,2024-11-22 06:00:00,False,6621,0.7275024722557961,9101,1.0,9101,6621
01037380,train,57342,1998-06-10 06:00:00,2018-01-24 00:00:00,False,44786,0.7810330996477277,29986,0.5229325799588435,51255,23517
01037380,valid,9538,2018-03-25 03:00:00,2021-06-29 06:00:00,False,6366,0.6674355210736004,9494,0.9953868735583979,9500,6360
01037380,test,9538,2021-08-28 09:00:00,2024-12-02 12:00:00,False,6505,0.6820088068777521,9533,0.9994757810861816,9537,6501
01044550,train,53929,1999-08-05 06:00:00,2018-01-18 09:00:00,False,33968,0.629865193124293,29961,0.5555637968439986,43978,19951
01044550,valid,9552,2018-03-19 12:00:00,2021-06-25 09:00:00,False,6229,0.6521147403685092,9533,0.9980108877721943,9533,6229
01044550,test,9553,2021-08-24 12:00:00,2024-11-30 12:00:00,False,6946,0.7271014341044698,9502,0.9946613629226421,9510,6938
01046000,train,28780,2008-07-01 06:00:00,2018-05-07 18:00:00,False,20941,0.7276233495482974,28754,0.99909659485754,28765,20930
01046000,valid,9113,2018-07-06 21:00:00,2021-08-18 21:00:00,False,6866,0.753429167123889,9111,0.9997805333040711,9112,6865
01046000,test,9114,2021-10-18 00:00:00,2024-11-30 03:00:00,False,6729,0.738314680710994,9107,0.999231950844854,9107,6729
01047150,train,27475,2009-04-01 18:00:00,2018-08-27 03:00:00,False,25488,0.9276797088262057,27473,0.9999272065514103,27474,25487
01047150,valid,8677,2018-10-26 06:00:00,2021-10-14 18:00:00,False,8269,0.9529791402558488,8674,0.9996542583842342,8677,8266
01047150,test,8678,2021-12-13 21:00:00,2024-12-02 12:00:00,False,8236,0.9490666052085734,8678,1.0,8678,8236
01048220,train,28917,2008-06-01 06:00:00,2018-04-24 21:00:00,False,19226,0.6648684165024035,28829,0.9969568074143238,28846,19209
01048220,valid,9159,2018-06-24 00:00:00,2021-08-11 18:00:00,False,6959,0.759799104705754,8998,0.9824216617534666,9079,6878
01048220,test,9160,2021-10-10 21:00:00,2024-11-28 18:00:00,False,6765,0.7385371179039302,9150,0.9989082969432315,9154,6761
01052500,train,79765,1990-10-01 06:00:00,2018-01-17 21:00:00,False,51310,0.6432645897323388,29965,0.37566601893060864,61447,19828
01052500,valid,9551,2018-03-19 00:00:00,2021-06-24 18:00:00,False,6342,0.6640142393466653,9521,0.9968589676473668,9525,6338
01052500,test,9551,2021-08-23 21:00:00,2024-11-29 15:00:00,False,6942,0.7268348863993299,9525,0.9972777719610512,9527,6940
01054300,train,50338,2000-10-27 06:00:00,2018-01-18 12:00:00,False,35531,0.7058484643807859,30072,0.5974015654177758,44015,21588
01054300,valid,9553,2018-03-19 15:00:00,2021-06-25 15:00:00,False,7072,0.7402910080602952,9516,0.996126871139956,9523,7065
01054300,test,9553,2021-08-24 18:00:00,2024-11-30 18:00:00,False,7356,0.7700198890400921,9536,0.9982204543075474,9536,7356
01055000,train,79770,1990-10-01 06:00:00,2018-01-18 12:00:00,False,54327,0.6810455058292592,30096,0.3772846934937947,64024,20399
01055000,valid,9553,2018-03-19 15:00:00,2021-06-25 15:00:00,False,6911,0.723437663561185,9478,0.9921490631215325,9497,6892
01055000,test,9553,2021-08-24 18:00:00,2024-11-30 18:00:00,False,7137,0.747095153354967,9449,0.9891133675285251,9451,7135
01059000,train,79778,1990-10-01 06:00:00,2018-01-19 12:00:00,False,74280,0.9310837574268596,30105,0.37735967309283264,76432,27953
01059000,valid,9556,2018-03-20 15:00:00,2021-06-27 00:00:00,False,9535,0.997802427794056,9554,0.9997907074089577,9556,9533
01059000,test,9556,2021-08-26 03:00:00,2024-12-02 12:00:00,False,9455,0.989430724152365,9555,0.9998953537044789,9556,9454
01060000,train,9069,2019-10-01 06:00:00,2022-11-07 18:00:00,True,8023,0.8846620355055684,9067,0.9997794685191311,9068,8022
01060000,valid,2543,2023-01-06 21:00:00,2023-11-20 15:00:00,True,2330,0.9162406606370429,2543,1.0,2543,2330
01060000,test,2543,2024-01-19 18:00:00,2024-12-02 12:00:00,True,2399,0.9433739677546206,2543,1.0,2543,2399
01064801,train,72474,1993-04-01 06:00:00,2018-01-19 12:00:00,False,56230,0.7758644479399509,29831,0.4116096807130833,61950,24111
01064801,valid,9556,2018-03-20 15:00:00,2021-06-27 00:00:00,False,8070,0.8444956048555882,9452,0.9891167852658016,9467,8055
01064801,test,9556,2021-08-26 03:00:00,2024-12-02 12:00:00,False,8798,0.920678107994977,9537,0.9980117203850983,9539,8796
01067950,train,28882,2008-06-12 15:00:00,2018-05-01 21:00:00,False,23513,0.8141056713523994,25916,0.8973062807284814,28370,21059
01067950,valid,9146,2018-07-01 00:00:00,2021-08-17 03:00:00,False,6991,0.7643778701071506,9144,0.999781325169473,9144,6991
01067950,test,9146,2021-10-16 06:00:00,2024-12-02 09:00:00,False,7621,0.8332604417231577,9135,0.9987972884321015,9135,7621
01068910,train,29197,2008-04-07 21:00:00,2018-04-05 12:00:00,False,26821,0.9186217762098846,29195,0.9999314998116244,29197,26819
01068910,valid,9252,2018-06-04 15:00:00,2021-08-04 00:00:00,False,8845,0.9560095114569823,9252,1.0,9252,8845
01068910,test,9252,2021-10-03 03:00:00,2024-12-02 12:00:00,False,8956,0.9680069174232598,9252,1.0,9252,8956
01069500,train,28127,2008-11-18 21:00:00,2018-07-05 18:00:00,False,28020,0.9961958260745902,28113,0.9995022576172361,28113,28020
01069500,valid,8887,2018-09-03 21:00:00,2021-09-18 15:00:00,False,8883,0.9995499043546754,8887,1.0,8887,8883
01069500,test,8887,2021-11-17 18:00:00,2024-12-02 12:00:00,False,8871,0.9981996174187014,8886,0.9998874760886688,8887,8870
01069700,train,28036,2008-12-05 21:00:00,2018-07-11 09:00:00,False,23274,0.8301469539163933,28025,0.9996076473106007,28026,23273
01069700,valid,8864,2018-09-09 12:00:00,2021-09-21 09:00:00,False,7721,0.8710514440433214,8864,1.0,8864,7721
01069700,test,8865,2021-11-20 12:00:00,2024-12-02 12:00:00,False,7175,0.8093626621545403,8838,0.9969543147208122,8841,7172
01072800,train,65170,1995-10-01 06:00:00,2018-01-19 12:00:00,False,56279,0.8635721957956115,30073,0.46145465705079025,59786,26566
01072800,valid,9556,2018-03-20 15:00:00,2021-06-27 00:00:00,False,9209,0.963687735454165,9543,0.9986395981582252,9553,9199
01072800,test,9556,2021-08-26 03:00:00,2024-12-02 12:00:00,False,9214,0.9642109669317707,9482,0.9922561741314357,9537,9159
01073000,train,79778,1990-10-01 06:00:00,2018-01-19 12:00:00,False,67021,0.840093760184512,30000,0.37604352077013714,68901,28120
01073000,valid,9556,2018-03-20 15:00:00,2021-06-27 00:00:00,False,9204,0.9631645039765593,9554,0.9997907074089577,9555,9203
01073000,test,9556,2021-08-26 03:00:00,2024-12-02 12:00:00,False,9185,0.9611762243616576,9537,0.9980117203850983,9544,9178
01073319,train,28783,2008-07-03 12:00:00,2018-05-10 09:00:00,False,25869,0.8987596845360108,28737,0.9984018344161484,28765,25841
01073319,valid,9112,2018-07-09 12:00:00,2021-08-21 09:00:00,False,8616,0.9455662862159789,9090,0.997585601404741,9097,8609
01073319,test,9113,2021-10-20 12:00:00,2024-12-02 12:00:00,False,8678,0.9522659936354658,9094,0.9979150663886756,9104,8668
01073500,train,79778,1990-10-01 06:00:00,2018-01-19 12:00:00,False,66254,0.8304795808368222,29926,0.3751159467522375,68191,27989
01073500,valid,9556,2018-03-20 15:00:00,2021-06-27 00:00:00,False,9354,0.97886144830473,9518,0.9960234407701968,9536,9336
01073500,test,9556,2021-08-26 03:00:00,2024-12-02 12:00:00,False,9270,0.9700711594809543,9552,0.9995814148179154,9555,9267
010735562,train,28373,2008-09-26 18:00:00,2018-06-13 09:00:00,False,24975,0.8802382546787438,28157,0.9923871286081838,28217,24915
010735562,valid,8976,2018-08-12 12:00:00,2021-09-07 09:00:00,False,8610,0.9592245989304813,8971,0.9994429590017825,8974,8607
010735562,test,8977,2021-11-06 12:00:00,2024-12-02 12:00:00,False,8404,0.9361702127659575,8959,0.997994875793695,8969,8394
01073587,train,63002,1996-06-28 06:00:00,2018-01-19 12:00:00,False,54570,0.8661629789530491,29667,0.4708898130218088,57972,26265
01073587,valid,9556,2018-03-20 15:00:00,2021-06-27 00:00:00,False,9153,0.9578275429049812,9535,0.997802427794056,9544,9144
01073587,test,9556,2021-08-26 03:00:00,2024-12-02 12:00:00,False,9267,0.969757220594391,9498,0.993930514859774,9530,9235
01073785,train,50642,2002-07-09 06:00:00,2019-11-07 12:00:00,False,41370,0.8169108644998223,22162,0.4376209470400063,41962,21570
01073785,valid,6928,2020-01-06 15:00:00,2022-05-21 12:00:00,False,6897,0.9955254041570438,6886,0.9939376443418014,6897,6886
01073785,test,6928,2022-07-20 15:00:00,2024-12-02 12:00:00,False,6523,0.941541570438799,6923,0.9992782909930716,6926,6520
01074520,train,72650,1993-03-10 06:00:00,2018-01-19 12:00:00,False,57863,0.7964624913971095,27705,0.38134893324156915,62318,23250
01074520,valid,9556,2018-03-20 15:00:00,2021-06-27 00:00:00,False,9037,0.9456885726245291,5764,0.6031812473838426,9227,5574
01074520,test,9556,2021-08-26 03:00:00,2024-12-02 12:00:00,False,9225,0.9653620761825031,9514,0.9956048555881122,9535,9204
01075000,train,47634,2001-10-01 06:00:00,2018-01-19 12:00:00,False,40913,0.8589033043624302,29986,0.6295083343830037,45264,25635
01075000,valid,9556,2018-03-20 15:00:00,2021-06-27 00:00:00,False,8931,0.9345960652992884,9422,0.9859773964001675,9424,8929
01075000,test,9556,2021-08-26 03:00:00,2024-12-02 12:00:00,False,9318,0.9750941816659691,9470,0.9910004185851821,9496,9292
01076000,train,47562,2001-10-10 06:00:00,2018-01-19 12:00:00,False,43311,0.9106219250662293,30050,0.6318069046717968,45621,27740
01076000,valid,9556,2018-03-20 15:00:00,2021-06-27 00:00:00,False,9124,0.9547928003348681,9556,1.0,9556,9124
01076000,test,9556,2021-08-26 03:00:00,2024-12-02 12:00:00,False,9419,0.9856634575136041,9555,0.9998953537044789,9556,9418
01076500,train,79554,1990-10-29 06:00:00,2018-01-19 12:00:00,False,53119,0.6677099831560952,30053,0.3777685597204415,60986,22186
01076500,valid,9556,2018-03-20 15:00:00,2021-06-27 00:00:00,False,8100,0.8476349937212223,9529,0.9971745500209293,9538,8091
01076500,test,9556,2021-08-26 03:00:00,2024-12-02 12:00:00,False,8556,0.8953537044788614,9542,0.998534951862704,9546,8552
01077400,train,28439,2008-09-12 21:00:00,2018-06-07 18:00:00,False,26694,0.9386405991771862,28397,0.9985231548226028,28432,26659
01077400,valid,8999,2018-08-06 21:00:00,2021-09-04 15:00:00,False,8936,0.9929992221357928,8990,0.9989998888765418,8995,8931
01077400,test,8999,2021-11-03 18:00:00,2024-12-02 12:00:00,False,8382,0.9314368263140349,8987,0.9986665185020558,8994,8375
01078000,train,79698,1990-10-11 06:00:00,2018-01-19 12:00:00,False,65709,0.8244748927200181,29857,0.3746267158523426,67958,27608
01078000,valid,9556,2018-03-20 15:00:00,2021-06-27 00:00:00,False,8727,0.9132482210129761,9528,0.9970699037254082,9536,8719
01078000,test,9556,2021-08-26 03:00:00,2024-12-02 12:00:00,False,8880,0.9292591042277103,9007,0.942549183758895,9137,8750
01081500,train,47634,2001-10-01 06:00:00,2018-01-19 12:00:00,False,44759,0.9396439517991351,29996,0.6297182684637024,46122,28633
01081500,valid,9556,2018-03-20 15:00:00,2021-06-27 00:00:00,False,9453,0.9892214315613227,9520,0.996232733361239,9531,9442
01081500,test,9556,2021-08-26 03:00:00,2024-12-02 12:00:00,False,9483,0.9923608204269568,9555,0.9998953537044789,9556,9482
01082000,train,52052,2001-10-01 06:00:00,2019-07-25 18:00:00,False,45045,0.8653846153846154,20928,0.4020594789825559,46465,19508
01082000,valid,7347,2019-09-23 21:00:00,2022-03-30 03:00:00,False,6760,0.9201034435824146,7332,0.9979583503470805,7342,6750
01082000,test,7347,2022-05-29 06:00:00,2024-12-02 12:00:00,False,7255,0.9874778821287601,7342,0.9993194501156935,7347,7250
01085000,train,16081,2015-10-01 06:00:00,2021-04-02 06:00:00,False,15481,0.9626888875069959,16033,0.9970151110005596,16072,15442
01085000,valid,4881,2021-06-01 09:00:00,2023-02-01 09:00:00,False,4752,0.9735709895513215,4317,0.8844499078057775,4854,4215
01085000,test,4881,2023-04-02 12:00:00,2024-12-02 12:00:00,False,4820,0.9875025609506248,4881,1.0,4881,4820
01085500,train,47634,2001-10-01 06:00:00,2018-01-19 12:00:00,False,43698,0.9173699458370072,29921,0.6281437628584624,46914,26705
01085500,valid,9556,2018-03-20 15:00:00,2021-06-27 00:00:00,False,9506,0.9947676852239431,9541,0.9984303055671829,9555,9492
01085500,test,9556,2021-08-26 03:00:00,2024-12-02 12:00:00,False,9438,0.9876517371285056,9548,0.9991628296358309,9552,9434
01086000,train,47634,2001-10-01 06:00:00,2018-01-19 12:00:00,False,44934,0.9433177982113616,30021,0.630243103665449,46575,28380
01086000,valid,9556,2018-03-20 15:00:00,2021-06-27 00:00:00,False,9100,0.9522812892423608,9544,0.9987442444537463,9552,9092
01086000,test,9556,2021-08-26 03:00:00,2024-12-02 12:00:00,False,9356,0.9790707408957723,9556,1.0,9556,9356
01089100,train,75970,1990-10-01 06:00:00,2016-09-30 12:00:00,False,60712,0.7991575621956035,26192,0.3447676714492563,63516,23388
01089100,valid,8286,2016-11-29 15:00:00,2019-10-01 06:00:00,False,7955,0.9600531016171856,8165,0.985397055273956,8248,7872
01089100,test,8287,2019-11-30 09:00:00,2022-10-01 03:00:00,False,7655,0.9237359720043442,8277,0.9987932906962713,8287,7645
01089500,train,29892,2007-11-15 00:00:00,2018-02-06 12:00:00,False,24466,0.8184798608323297,29799,0.9968887996788438,29804,24461
01089500,valid,9484,2018-04-07 15:00:00,2021-07-06 00:00:00,False,8998,0.9487557992408266,9451,0.9965204555040067,9466,8983
01089500,test,9484,2021-09-04 03:00:00,2024-12-02 12:00:00,False,8855,0.9336777730915226,9447,0.9960986925347954,9459,8843
01091000,train,28881,2008-06-12 21:00:00,2018-05-02 00:00:00,False,24530,0.8493473217686368,28833,0.9983380076867144,28866,24497
01091000,valid,9146,2018-07-01 03:00:00,2021-08-17 06:00:00,False,8351,0.913076754865515,9117,0.9968292149573584,9140,8328
01091000,test,9146,2021-10-16 09:00:00,2024-12-02 12:00:00,False,8740,0.9556090094030177,9141,0.9994533129236824,9143,8738
01091500,train,12573,2017-10-01 06:00:00,2022-01-19 18:00:00,False,12459,0.9909329515628729,12570,0.9997613934621808,12572,12457
01091500,valid,3711,2022-03-20 21:00:00,2023-06-27 15:00:00,False,3710,0.9997305308542171,3711,1.0,3711,3710
01091500,test,3711,2023-08-26 18:00:00,2024-12-02 12:00:00,False,3711,1.0,3711,1.0,3711,3711
01092000,train,75946,1992-01-23 06:00:00,2018-01-19 12:00:00,False,70923,0.9338609011666184,30075,0.39600505622415927,71455,29543
01092000,valid,9556,2018-03-20 15:00:00,2021-06-27 00:00:00,False,9466,0.9905818334030976,9528,0.9970699037254082,9543,9451
01092000,test,9556,2021-08-26 03:00:00,2024-12-02 12:00:00,False,9463,0.9902678945165341,9555,0.9998953537044789,9556,9462
01093852,train,69713,1994-06-17 06:00:00,2018-04-26 09:00:00,False,26065,0.3738900922353076,28913,0.41474330469209475,30180,24798
01093852,valid,9168,2018-06-25 12:00:00,2021-08-14 09:00:00,False,8314,0.9068499127399651,8894,0.9701134380453752,8964,8244
01093852,test,9169,2021-10-13 12:00:00,2024-12-02 12:00:00,False,8845,0.9646635401897699,9164,0.9994546842621878,9165,8844
01094000,train,47634,2001-10-01 06:00:00,2018-01-19 12:00:00,False,43996,0.9236259814418273,30072,0.6313137674770122,46202,27866
01094000,valid,9556,2018-03-20 15:00:00,2021-06-27 00:00:00,False,9144,0.9568857262452909,9549,0.999267475931352,9555,9138
01094000,test,9556,2021-08-26 03:00:00,2024-12-02 12:00:00,False,9383,0.981896190874843,9257,0.9687107576391796,9463,9177
01096000,train,79778,1990-10-01 06:00:00,2018-01-19 12:00:00,False,76294,0.9563288124545614,29741,0.3727970117074883,77869,28166
01096000,valid,9556,2018-03-20 15:00:00,2021-06-27 00:00:00,False,9375,0.981059020510674,9535,0.997802427794056,9548,9362
01096000,test,9556,2021-08-26 03:00:00,2024-12-02 12:00:00,False,9414,0.9851402260359984,9556,1.0,9556,9414
01096500,train,79778,1990-10-01 06:00:00,2018-01-19 12:00:00,False,78058,0.9784401714758455,29961,0.37555466419313593,78573,29446
01096500,valid,9556,2018-03-20 15:00:00,2021-06-27 00:00:00,False,9556,1.0,9554,0.9997907074089577,9556,9554
01096500,test,9556,2021-08-26 03:00:00,2024-12-02 12:00:00,False,9525,0.9967559648388447,9514,0.9956048555881122,9525,9514
010965852,train,79778,1990-10-01 06:00:00,2018-01-19 12:00:00,False,63828,0.8000701947905438,29805,0.3735992378851312,66446,27187
010965852,valid,9556,2018-03-20 15:00:00,2021-06-27 00:00:00,False,9211,0.9638970280452072,9554,0.9997907074089577,9554,9211
010965852,test,9556,2021-08-26 03:00:00,2024-12-02 12:00:00,False,9388,0.9824194223524487,9555,0.9998953537044789,9555,9388
01097000,train,79778,1990-10-01 06:00:00,2018-01-19 12:00:00,False,75230,0.9429918022512472,29986,0.37586803379377776,76354,28862
01097000,valid,9556,2018-03-20 15:00:00,2021-06-27 00:00:00,False,9495,0.9936165759732105,9520,0.996232733361239,9549,9466
01097000,test,9556,2021-08-26 03:00:00,2024-12-02 12:00:00,False,9421,0.9858727501046463,9489,0.9929886982000837,9514,9396
01097300,train,79778,1990-10-01 06:00:00,2018-01-19 12:00:00,False,69990,0.87730953395673,29227,0.36635413271829326,72364,26853
01097300,valid,9556,2018-03-20 15:00:00,2021-06-27 00:00:00,False,9323,0.9756174131435748,9483,0.9923608204269568,9546,9260
01097300,test,9556,2021-08-26 03:00:00,2024-12-02 12:00:00,False,9499,0.9940351611552951,9517,0.9959187944746756,9535,9481
01098530,train,79778,1990-10-01 06:00:00,2018-01-19 12:00:00,False,77800,0.9752061971972223,29671,0.37191957682569127,77832,29639
01098530,valid,9556,2018-03-20 15:00:00,2021-06-27 00:00:00,False,9506,0.9947676852239431,9384,0.9820008371703641,9506,9384
01098530,test,9556,2021-08-26 03:00:00,2024-12-02 12:00:00,False,9553,0.9996860611134366,9543,0.9986395981582252,9553,9543
01099500,train,79778,1990-10-01 06:00:00,2018-01-19 12:00:00,False,76596,0.9601143172303142,29965,0.3756048033292386,77313,29248
01099500,valid,9556,2018-03-20 15:00:00,2021-06-27 00:00:00,False,9556,1.0,9517,0.9959187944746756,9556,9517
01099500,test,9556,2021-08-26 03:00:00,2024-12-02 12:00:00,False,9541,0.9984303055671829,9519,0.9961280870657179,9553,9507
01100000,train,79778,1990-10-01 06:00:00,2018-01-19 12:00:00,False,76417,0.9578705908897189,27008,0.3385394469653288,77514,25911
01100000,valid,9556,2018-03-20 15:00:00,2021-06-27 00:00:00,False,9554,0.9997907074089577,9380,0.9815822519882796,9554,9380
01100000,test,9556,2021-08-26 03:00:00,2024-12-02 12:00:00,False,9490,0.9930933444956048,9556,1.0,9556,9490
01100505,train,50514,2000-10-06 06:00:00,2018-01-19 12:00:00,False,48166,0.9535178366393475,28847,0.571069406501168,49409,27604
01100505,valid,9556,2018-03-20 15:00:00,2021-06-27 00:00:00,False,9482,0.9922561741314357,9556,1.0,9556,9482
01100505,test,9556,2021-08-26 03:00:00,2024-12-02 12:00:00,False,9529,0.9971745500209293,9539,0.9982210129761406,9544,9524
01100561,train,36125,2005-09-08 21:00:00,2018-01-19 12:00:00,False,34050,0.942560553633218,29819,0.825439446366782,35867,28002
01100561,valid,9556,2018-03-20 15:00:00,2021-06-27 00:00:00,False,8407,0.8797614064462118,8837,0.9247593135203014,9017,8227
01100561,test,9556,2021-08-26 03:00:00,2024-12-02 12:00:00,False,9531,0.9973838426119715,9552,0.9995814148179154,9556,9527
01101000,train,79778,1990-10-01 06:00:00,2018-01-19 12:00:00,False,74338,0.9318107749003485,28437,0.356451653338013,75826,26949
01101000,valid,9556,2018-03-20 15:00:00,2021-06-27 00:00:00,False,9199,0.9626412724989535,9040,0.9460025115110925,9199,9040
01101000,test,9556,2021-08-26 03:00:00,2024-12-02 12:00:00,False,9164,0.9589786521557137,9047,0.9467350355797405,9175,9036
01103280,train,58978,1997-11-13 06:00:00,2018-01-19 12:00:00,False,53377,0.9050323849571027,29888,0.5067652344942182,55686,27579
01103280,valid,9556,2018-03-20 15:00:00,2021-06-27 00:00:00,False,9492,0.9933026370866471,9367,0.9802218501465048,9555,9304
01103280,test,9556,2021-08-26 03:00:00,2024-12-02 12:00:00,False,9491,0.993197990791126,9533,0.9975931352030138,9555,9469
01108000,train,62106,1996-10-18 06:00:00,2018-01-19 12:00:00,False,61347,0.987778958554729,29775,0.47942227804076903,61546,29576
01108000,valid,9556,2018-03-20 15:00:00,2021-06-27 00:00:00,False,9555,0.9998953537044789,9461,0.9900586019254919,9555,9461
01108000,test,9556,2021-08-26 03:00:00,2024-12-02 12:00:00,False,9556,1.0,9556,1.0,9556,9556
01108410,train,35130,2006-01-11 06:00:00,2018-01-19 12:00:00,False,30362,0.8642755479647025,28751,0.8184173071448904,33613,25500
01108410,valid,9556,2018-03-20 15:00:00,2021-06-27 00:00:00,False,9033,0.9452699874424445,8891,0.9304102134784429,9077,8847
01108410,test,9556,2021-08-26 03:00:00,2024-12-02 12:00:00,False,9203,0.9630598576810381,9503,0.9944537463373797,9537,9169
01109000,train,86426,1988-06-22 06:00:00,2018-01-19 12:00:00,False,78663,0.9101774928840858,30065,0.3478698539791267,79822,28906
01109000,valid,9556,2018-03-20 15:00:00,2021-06-27 00:00:00,False,9527,0.996965257429887,9496,0.9937212222687317,9527,9496
01109000,test,9556,2021-08-26 03:00:00,2024-12-02 12:00:00,False,9487,0.9927794056090414,9524,0.9966513185433236,9541,9470
01109060,train,79778,1990-10-01 06:00:00,2018-01-19 12:00:00,False,75889,0.9512522249241645,29859,0.3742761162225175,76778,28970
01109060,valid,9556,2018-03-20 15:00:00,2021-06-27 00:00:00,False,9555,0.9998953537044789,9476,0.991628296358309,9555,9476
01109060,test,9556,2021-08-26 03:00:00,2024-12-02 12:00:00,False,9555,0.9998953537044789,9554,0.9997907074089577,9556,9553
01109070,train,85618,1988-10-01 06:00:00,2018-01-19 12:00:00,False,77004,0.8993903151206522,29466,0.3441566025835689,79550,26920
01109070,valid,9556,2018-03-20 15:00:00,2021-06-27 00:00:00,False,9343,0.9777103390539975,9119,0.9542695688572624,9345,9117
01109070,test,9556,2021-08-26 03:00:00,2024-12-02 12:00:00,False,9468,0.9907911259941398,9548,0.9991628296358309,9552,9464
01109403,train,79778,1990-10-01 06:00:00,2018-01-19 12:00:00,False,78294,0.9813983805059039,29871,0.37442653363082556,78366,29799
01109403,valid,9556,2018-03-20 15:00:00,2021-06-27 00:00:00,False,9556,1.0,9551,0.9994767685223943,9556,9551
01109403,test,9556,2021-08-26 03:00:00,2024-12-02 12:00:00,False,9394,0.9830473001255755,9332,0.9765592298032649,9394,9332
01109730,train,45258,2002-07-25 06:00:00,2018-01-19 12:00:00,False,45002,0.9943435414733307,29895,0.6605462017764815,45016,29881
01109730,valid,9556,2018-03-20 15:00:00,2021-06-27 00:00:00,False,9551,0.9994767685223943,9468,0.9907911259941398,9551,9468
01109730,test,9556,2021-08-26 03:00:00,2024-12-02 12:00:00,False,9556,1.0,9555,0.9998953537044789,9556,9555
01110000,train,79778,1990-10-01 06:00:00,2018-01-19 12:00:00,False,75601,0.9476422071247712,27068,0.33929153400686907,75809,26860
01110000,valid,9556,2018-03-20 15:00:00,2021-06-27 00:00:00,False,9523,0.9965466722478025,9502,0.9943491000418585,9523,9502
01110000,test,9556,2021-08-26 03:00:00,2024-12-02 12:00:00,False,9530,0.9972791963164503,9537,0.9980117203850983,9545,9522
01111212,train,33026,2006-10-01 06:00:00,2018-01-19 12:00:00,False,31565,0.9557621268091806,29738,0.9004420759401683,32703,28600
01111212,valid,9556,2018-03-20 15:00:00,2021-06-27 00:00:00,False,9095,0.9517580577647551,9295,0.9726873168689828,9473,8917
01111212,test,9556,2021-08-26 03:00:00,2024-12-02 12:00:00,False,9539,0.9982210129761406,9554,0.9997907074089577,9556,9537
01111300,train,79778,1990-10-01 06:00:00,2018-01-19 12:00:00,False,63426,0.7950312116122239,29587,0.3708666549675349,66686,26327
01111300,valid,9556,2018-03-20 15:00:00,2021-06-27 00:00:00,False,9519,0.9961280870657179,9408,0.9845123482628715,9554,9373
01111300,test,9556,2021-08-26 03:00:00,2024-12-02 12:00:00,False,9426,0.986395981582252,9556,1.0,9556,9426
01111500,train,79778,1990-10-01 06:00:00,2018-01-19 12:00:00,False,77979,0.9774499235378175,29992,0.37594324249793176,78238,29733
01111500,valid,9556,2018-03-20 15:00:00,2021-06-27 00:00:00,False,9556,1.0,9449,0.9888028463792382,9556,9449
01111500,test,9556,2021-08-26 03:00:00,2024-12-02 12:00:00,False,9545,0.9988488907492675,9531,0.9973838426119715,9545,9531
01115630,train,31682,2007-03-18 06:00:00,2018-01-19 12:00:00,False,30887,0.9749068871914652,30081,0.9494665740799192,31679,29289
01115630,valid,9556,2018-03-20 15:00:00,2021-06-27 00:00:00,False,9556,1.0,9556,1.0,9556,9556
01115630,test,9556,2021-08-26 03:00:00,2024-12-02 12:00:00,False,9526,0.9968606111343659,9554,0.9997907074089577,9556,9524
01115770,train,8077,2007-10-01 06:00:00,2010-07-06 18:00:00,True,8076,0.9998761916553176,8075,0.9997523833106351,8076,8075
01115770,valid,2213,2010-09-04 21:00:00,2011-06-08 09:00:00,True,2213,1.0,2213,1.0,2213,2213
01115770,test,2213,2011-08-07 12:00:00,2012-05-10 03:00:00,True,2205,0.9963849977406236,2213,1.0,2213,2205
01117370,train,56354,1998-10-07 06:00:00,2018-01-19 12:00:00,False,55055,0.9769492848777371,29900,0.530574582105973,55849,29106
01117370,valid,9556,2018-03-20 15:00:00,2021-06-27 00:00:00,False,9551,0.9994767685223943,9538,0.9981163666806195,9551,9538
01117370,test,9556,2021-08-26 03:00:00,2024-12-02 12:00:00,False,9533,0.9975931352030138,9513,0.9955002092925911,9537,9509
01117800,train,79778,1990-10-01 06:00:00,2018-01-19 12:00:00,False,78765,0.987302263781995,29887,0.37462709017523627,79204,29448
01117800,valid,9556,2018-03-20 15:00:00,2021-06-27 00:00:00,False,9555,0.9998953537044789,9499,0.9940351611552951,9555,9499
01117800,test,9556,2021-08-26 03:00:00,2024-12-02 12:00:00,False,9530,0.9972791963164503,9476,0.991628296358309,9530,9476
01118300,train,79778,1990-10-01 06:00:00,2018-01-19 12:00:00,False,68861,0.863157762791747,29824,0.373837398781619,70517,28168
01118300,valid,9556,2018-03-20 15:00:00,2021-06-27 00:00:00,False,9466,0.9905818334030976,9505,0.9946630389284219,9508,9463
01118300,test,9556,2021-08-26 03:00:00,2024-12-02 12:00:00,False,9493,0.9934072833821682,9554,0.9997907074089577,9556,9491
01119500,train,79778,1990-10-01 06:00:00,2018-01-19 12:00:00,False,63435,0.7951440246684549,29210,0.36614104138985687,66314,26331
01119500,valid,9556,2018-03-20 15:00:00,2021-06-27 00:00:00,False,9349,0.9783382168271243,9556,1.0,9556,9349
01119500,test,9556,2021-08-26 03:00:00,2024-12-02 12:00:00,False,8034,0.8407283382168271,7677,0.8033696107157806,8193,7518
01121000,train,79778,1990-10-01 06:00:00,2018-01-19 12:00:00,False,64389,0.8071022086289453,29507,0.36986387224548123,66964,26932
01121000,valid,9556,2018-03-20 15:00:00,2021-06-27 00:00:00,False,9254,0.9683968187526162,9439,0.9877563834240268,9483,9210
01121000,test,9556,2021-08-26 03:00:00,2024-12-02 12:00:00,False,8611,0.901109250732524,8273,0.8657388028463793,8685,8199
01122500,train,79778,1990-10-01 06:00:00,2018-01-19 12:00:00,False,71789,0.8998596104189125,30055,0.37673293389154905,72780,29064
01122500,valid,9556,2018-03-20 15:00:00,2021-06-27 00:00:00,False,9538,0.9981163666806195,9542,0.998534951862704,9552,9528
01122500,test,9556,2021-08-26 03:00:00,2024-12-02 12:00:00,False,9548,0.9991628296358309,9554,0.9997907074089577,9556,9546
01123000,train,79778,1990-10-01 06:00:00,2018-01-19 12:00:00,False,65184,0.8170673619293539,29971,0.3756800120333927,68136,27019
01123000,valid,9556,2018-03-20 15:00:00,2021-06-27 00:00:00,False,9440,0.9878610297195479,9522,0.9964420259522813,9532,9430
01123000,test,9556,2021-08-26 03:00:00,2024-12-02 12:00:00,False,9410,0.9847216408539138,9497,0.9938258685642528,9519,9388
